{
  "books": [
    {
      "id": 1,
      "title": "The Silent Patient",
      "author": "Alex Michaelides",
      "publisher": "Celadon Books",
      "year": 2019,
      "coverImage": "https://example.com/the-silent-patient.jpg"
    },
    {
      "id": 2,
      "title": "Where the Crawdads Sing",
      "author": "Delia Owens",
      "publisher": "G.P. Putnam's Sons",
      "year": 2018,
      "coverImage": "https://example.com/where-the-crawdads-sing.jpg"
    },
    {
      "id": 3,
      "title": "Educated",
      "author": "Tara Westover",
      "publisher": "Random House",
      "year": 2018,
      "coverImage": "https://example.com/educated.jpg"
    },
    {
      "id": 4,
      "title": "Becoming",
      "author": "Michelle Obama",
      "publisher": "Crown Publishing Group",
      "year": 2018,
      "coverImage": "https://example.com/becoming.jpg"
    },
    {
      "id": 5,
      "title": "The Night Circus",
      "author": "Erin Morgenstern",
      "publisher": "Doubleday",
      "year": 2011,
      "coverImage": "https://example.com/the-night-circus.jpg"
    },
    {
      "id": 6,
      "title": "The Hunger Games",
      "author": "Suzanne Collins",
      "publisher": "Scholastic Press",
      "year": 2008,
      "coverImage": "https://example.com/the-hunger-games.jpg"
    },
    {
      "id": 7,
      "title": "1984",
      "author": "George Orwell",
      "publisher": "Secker & Warburg",
      "year": 1949,
      "coverImage": "https://example.com/1984.jpg"
    },
    {
      "id": 8,
      "title": "The Catcher in the Rye",
      "author": "J.D. Salinger",
      "publisher": "Little, Brown and Company",
      "year": 1951,
      "coverImage": "https://example.com/the-catcher-in-the-rye.jpg"
    }
  ]
}
